division,name,address,unisex,maleflusher,maleurinal,malehandicap,malechild,femaleflusher,femalehandicap,femalechild,manager,phonenum,time,lat,lng
개방화장실,강촌쌈밥,서울특별시 성북구 성북로 167,FALSE,1,1,FALSE,FALSE,1,FALSE,FALSE,서울특별시 성북구청 청소행정과,02-766-2557,연중무휴,37.5944763,126.9912657
개방화장실,개운산스포츠센터,서울특별시 성북구 북악산로 949-60,FALSE,4,4,FALSE,FALSE,4,FALSE,FALSE,서울특별시 성북구청 도시관리공단,02-925-9960,09:00~18:00,37.5968616,127.0262231
개방화장실,거산프라자,서울특별시 성북구 종암로 18,FALSE,2,2,FALSE,FALSE,2,FALSE,FALSE,서울특별시 성북구청 청소행정과,02-911-0348,연중무휴,37.5921696,127.0366879
개방화장실,경동고 공영주차장,서울특별시 성북구 보문로29길 49,FALSE,2,2,FALSE,FALSE,2,FALSE,FALSE,서울특별시 성북구청 도시관리공단,02-6925-0024,09:00~18:00,37.5856336,127.0138501
개방화장실,고려대학교 안암병원 장례식장,서울특별시 성북구 인촌로 73,FALSE,10,11,TRUE,FALSE,8,TRUE,FALSE,서울특별시 성북구청 어르신사회복지과,02-2241-2533,연중무휴,37.5871061,127.0263411
개방화장실,구민회관 공공 화장실,서울특별시 성북구 성북로4길 177,FALSE,10,18,TRUE,FALSE,14,TRUE,FALSE,서울특별시 성북구청 성북구청 문화체육과(문화재단),02-924-6781,연중무휴,37.5958695,127.0086976
개방화장실,금영빌딩,서울특별시 성북구 보국문로 10(정릉동),FALSE,16,16,FALSE,FALSE,16,FALSE,FALSE,서울특별시 성북구청 청소행정과,,연중무휴,37.6055321,127.0116366
개방화장실,기린빌딩,서울특별시 성북구 삼양로 22,FALSE,2,2,FALSE,FALSE,2,FALSE,FALSE,서울특별시 성북구청 청소행정과,02-989-8186,연중무휴,37.6053737,127.0248645
개방화장실,길음1동 주민센터,서울특별시 성북구 길음로 92,FALSE,3,9,TRUE,FALSE,6,TRUE,FALSE,서울특별시 성북구청 길음1동 주민센터,02-2241-6512,09:00~18:00,37.6104808,127.0194382
개방화장실,길음1동분소화장실,서울특별시 성북구 길음로 6,FALSE,5,6,FALSE,FALSE,7,FALSE,FALSE,서울특별시 성북구청 길음1동 주민센터 분소,02-2241-6512,09:00~18:00,37.6042851,127.0242849
개방화장실,길음2동 주민센터,서울특별시 성북구 삼양로2길 70,FALSE,2,2,FALSE,FALSE,2,FALSE,FALSE,서울특별시 성북구청 길음2동 주민센터,02-2241-6513,09:00~18:00,37.6066874,127.0272767
개방화장실,길음환승주차장,서울특별시 성북구 동소문로 260,FALSE,5,5,FALSE,FALSE,5,FALSE,FALSE,서울특별시 성북구청 도시관리공단,02-6925-0023,연중무휴,37.6040969,127.0258198
개방화장실,꿈마루도서관화장실,서울특별시 성북구 서경로 94-1,FALSE,1,0,FALSE,FALSE,1,FALSE,FALSE,서울특별시 성북구청 문화체육과(문화재단),02-6925-7002,09:00~18:00,37.6114565,127.0138462
개방화장실,노동사목빌딩,서울특별시 성북구 보문로 95,FALSE,2,3,FALSE,FALSE,2,FALSE,FALSE,서울특별시 성북구청 청소행정과,02-924-6251,연중무휴,37.5837356,127.0199184
개방화장실,뉴타운장례식장,서울특별시 성북구 종암로 199(하월곡동),FALSE,8,11,TRUE,FALSE,11,TRUE,FALSE,서울특별시 성북구청 어르신사회복지과,02-2241-2533,연중무휴,37.6075901,127.0303879
개방화장실,달빛마루도서관 화장실,서울특별시 성북구 종암로 167,FALSE,2,3,FALSE,FALSE,5,FALSE,FALSE,서울특별시 성북구청 문화체육과(문화재단),02-911-0993,09:00~18:00,37.6051512,127.0309161
개방화장실,돈암1동 주민센터,서울특별시 성북구 정릉로 394,FALSE,1,1,TRUE,FALSE,0,FALSE,FALSE,서울특별시 성북구청 돈암1동주민센터,02-2241-6504,09:00~18:00,37.6034115,127.0263571
개방화장실,돈암2동 주민센터,서울특별시 성북구 흥천사길 7,FALSE,2,3,FALSE,FALSE,3,FALSE,FALSE,서울특별시 성북구청 돈암2동 주민센터,02-2241-6505,09:00~18:00,37.5980102,127.0105959
개방화장실,동방고개 공영주차장,서울특별시 성북구 장위로13길 9,FALSE,1,1,FALSE,FALSE,0,FALSE,FALSE,서울특별시 성북구청 도시관리공단,02-6925-0026,09:00~18:00,37.6146774,127.0409661
개방화장실,동선동 주민센터,서울특별시 성북구 동소문로26길 27,FALSE,2,4,TRUE,FALSE,5,FALSE,FALSE,서울특별시 성북구청 동선동 주민자치센터,02-924-1641,09:00~18:00,37.5939763,127.0203947
개방화장실,롯데리아 성신여대점,서울특별시 성북구 동소문로 117,FALSE,1,1,FALSE,FALSE,1,FALSE,FALSE,서울특별시 성북구청 청소행정과,02-2241-2240,연중무휴,37.5936913,127.0177096
개방화장실,미리내도서관화장실,서울특별시 성북구 한천로66길 203,FALSE,2,2,FALSE,FALSE,4,FALSE,FALSE,서울특별시 문화체육과(문화재단),02-960-5067,09:00~18:00,37.6134445,127.0656074
개방화장실,보문동주민센터,서울특별시 성북구 안암로3길 35,FALSE,3,4,FALSE,FALSE,5,FALSE,FALSE,서울특별시 성북구청 보문동 주민센터,02-2241-6507,09:00~18:00,37.5803683,127.0227874
개방화장실,북악골프,서울특별시 성북구 북악산로 537-14,FALSE,3,5,FALSE,FALSE,4,FALSE,FALSE,서울특별시 성북구청 도시관리공단,02-919-4040,09:00~18:00,37.6025791,126.9980208
개방화장실,삼선동 주민센터,서울특별시 성북구 보문로 190,FALSE,1,1,TRUE,FALSE,1,TRUE,FALSE,서울특별시 성북구청 삼선동 주민센터,02-2241-6502,09:00~18:00,37.5908399,127.0146256
개방화장실,삼성동 맥도날드,서울특별시 성북구 동소문로 13,FALSE,1,1,FALSE,FALSE,1,FALSE,FALSE,서울특별시 성북구청 청소행정과,02-2241-2240,연중무휴,37.5894003,127.0075162
개방화장실,상월곡실버복지센터,서울특별시 성북구 화랑로18길 6,FALSE,2,2,FALSE,FALSE,2,FALSE,FALSE,서울특별시 성북구청 어르신사회복지과,02-2241-2527,09:00~18:00,37.6058467,127.0482662
개방화장실,서광빌딩,서울특별시 성북구 보문로 35,FALSE,2,4,FALSE,FALSE,2,FALSE,FALSE,서울특별시 성북구청 청소행정과,02-2241-4420,연중무휴,37.5786835,127.0226131
개방화장실,석관동 우체국,서울특별시 성북구 화랑로 203,FALSE,1,1,FALSE,FALSE,1,FALSE,FALSE,서울특별시 성북구청 청소행정과,02-915-6800,연중무휴,37.6087605,127.0524081
개방화장실,석관동 주민센터,서울특별시 성북구 화랑로 296,FALSE,4,7,FALSE,FALSE,4,FALSE,FALSE,서울특별시 성북구청 석관동 주민센터,02-957-4011,연중무휴,37.6129659,127.0614051
개방화장실,석관실버복지센터화장실,서울특별시 성북구 화랑로32길 88,FALSE,3,3,FALSE,FALSE,6,FALSE,FALSE,서울특별시 성북구청 어르신사회복지과,02-2241-2527,연중무휴,37.6067055,127.0582283
개방화장실,석탑빌딩,서울특별시 성북구 안암로 53,FALSE,1,2,FALSE,FALSE,2,FALSE,FALSE,서울특별시 성북구청 청소행정과,02-3290-7891,연중무휴,37.5817373,127.0276722
개방화장실,성가복지병원,서울특별시 성북구 종암로 191,FALSE,2,3,FALSE,FALSE,3,FALSE,FALSE,서울특별시 성북구청 청소행정과,02-940-1500,연중무휴,37.6069212,127.0306647
개방화장실,성북구 보건소 보건지소,서울특별시 성북구 아리랑로 3길 8,FALSE,3,6,TRUE,FALSE,4,TRUE,FALSE,서울특별시 성북구청 보건소,02-920-2810,09:00~18:00,37.5936034,127.0157368
개방화장실,성북구립미술관 화장실,서울특별시 성북구 성북로 134,FALSE,1,1,FALSE,FALSE,2,FALSE,FALSE,서울특별시 성북구청 문화체육과(문화재단),02-6925-5011,09:00~18:00,37.5948311,126.9948714
개방화장실,성북구민정보화센터,서울특별시 성북구 삼선교로4길 47-1,FALSE,2,4,FALSE,FALSE,4,FALSE,FALSE,서울특별시 성북구청 디지털정보과,02-920-1750,09:00~18:00,37.5856452,127.0074404
개방화장실,성북구민체육관 화장실,서울특별시 성북구 하월곡동 산2-1,FALSE,4,8,FALSE,FALSE,8,FALSE,FALSE,서울특별시 성북구청 도시관리공단,02-909-3497,09:00~18:00,37.6099679,127.0419484
개방화장실,성북구청,서울특별시 성북구 보문로 168,FALSE,24,36,FALSE,FALSE,90,FALSE,FALSE,서울특별시 성북구청 행정지원과,02-2241-4300,연중무휴,37.5894505,127.0168346
개방화장실,성북노인종합복지관,서울특별시 성북구 종암로15길 10(종암동),FALSE,10,10,TRUE,FALSE,10,TRUE,FALSE,서울특별시 성북구청 어르신사회복지과,02-2241-2527,09:00~18:00,37.5977829,127.0343921
개방화장실,성북동 주민센터,서울특별시 성북구 성북로 37,FALSE,5,5,FALSE,FALSE,7,FALSE,FALSE,서울특별시 성북구청 성북동  주민센터,02-2241-6501,09:00~18:00,37.5910462,127.0032329
개방화장실,성북예술창작터 화장실,서울특별시 성북구 성북로 23,FALSE,1,1,FALSE,FALSE,2,FALSE,FALSE,서울특별시 성북구청 문화체육과(문화재단),02-2038-9989,09:00~18:00,37.5900467,127.0041076
개방화장실,성북장애인복지관,서울특별시 성북구 화랑로 130,FALSE,4,12,TRUE,FALSE,4,TRUE,FALSE,서울특별시 성북구청 어르신사회복지과,02-915-9200,09:00~18:00,37.6046133,127.0457543
개방화장실,성북정보도서관화장실,서울특별시 성북구 상월곡동 24번지 348,FALSE,12,23,FALSE,FALSE,20,FALSE,FALSE,서울특별시 성북구청 문화체육과(문화재단),02-962-1081,09:00~18:00,37.6049953,127.0507256
개방화장실,성북종합레포츠타운,서울특별시 성북구 한천로 58길 307,FALSE,9,10,FALSE,FALSE,11,FALSE,TRUE,서울특별시 성북구청 도시관리공단,02-6917-1100,09:00~18:00,37.6102064,127.0699802
개방화장실,성북중앙병원신관동,서울특별시 성북구 종암로 72,FALSE,1,2,FALSE,FALSE,2,FALSE,FALSE,서울특별시 성북구청 청소행정과,02-919-1866,연중무휴,37.5971101,127.0356776
개방화장실,성심빌딩,서울특별시 성북구 북안산로 918,FALSE,1,2,FALSE,FALSE,2,FALSE,FALSE,서울특별시 성북구청 청소행정과,02-924-5101,연중무휴,37.6002789,127.0215991
개방화장실,시네마빌딩화장실,서울특별시 성북구 아리랑로12길 4,FALSE,4,4,FALSE,FALSE,4,FALSE,FALSE,서울특별시 성북구청 문화체육과(문화재단),02-2038-4901,연중무휴,37.5991162,127.0145912
개방화장실,아리랑도서관화장실,서울특별시 성북구 아리랑로 82,FALSE,6,6,FALSE,FALSE,8,FALSE,TRUE,서울특별시 성북구청 문화체육과(문화재단),02-3291-4990,09:00~18:00,37.6000539,127.0139127
개방화장실,아리랑시네센터화장실,서울특별시 성북구 아리랑로 82,FALSE,10,11,TRUE,FALSE,18,TRUE,FALSE,서울특별시 성북구청 문화체육과(문화재단),02-3291-5540,09:00~18:00,37.6003222,127.0138751
개방화장실,아이조아팀,서울특별시 성북구 오패산로10길 19,FALSE,0,0,FALSE,FALSE,0,FALSE,FALSE,서울특별시 성북구청 도시관리공단,02-918-8080,09:00~18:00,37.6056726,127.0379341
개방화장실,안암동주민센터,서울특별시 성북구 보문로22길 49 지하1층,FALSE,2,4,TRUE,FALSE,2,TRUE,FALSE,서울특별시 성북구청 안암동 주민센터,02-2241-6506,09:00~18:00,37.5844206,127.0230499
개방화장실,온누리병원,서울특별시 성북구 화랑로 271,FALSE,3,3,TRUE,FALSE,2,TRUE,FALSE,서울특별시 성북구청 청소행정과,02-191-2700,연중무휴,37.6122062,127.0587144
개방화장실,우신향병원 구관동,서울특별시 성북구 안암로 99,FALSE,2,2,FALSE,FALSE,2,FALSE,FALSE,서울특별시 성북구청 청소행정과,02-926-7505,연중무휴,37.5849739,127.0310592
개방화장실,월곡1동 주민센터,서울특별시 성북구 오패산로 96,FALSE,5,7,TRUE,FALSE,6,TRUE,FALSE,서울특별시 성북구청 월곡1동 주민센터,02-2241-6515,09:00~18:00,37.6105301,127.0357441
개방화장실,월곡2동 주민센터,서울특별시 성북구 화랑로 152,FALSE,2,6,TRUE,FALSE,5,FALSE,FALSE,서울특별시 성북구청 월곡2동 주민센터,02-2241-6516,09:00~18:00,37.6057725,127.0478535
개방화장실,월곡두산위브 센츠로 상가,서울특별시 성북구 오패산로 46,FALSE,3,2,FALSE,FALSE,3,FALSE,FALSE,서울특별시 성북구청 청소행정과,02-2241-4420,연중무휴,37.6070272,127.0383416
개방화장실,의릉관리사무소,서울특별시 성북구 화랑로32길 146-37,FALSE,3,2,TRUE,FALSE,3,TRUE,FALSE,서울특별시 성북구청 청소행정과,02-964-0579,연중무휴,37.6054844,127.0576971
개방화장실,장위1동 주민센터,서울특별시 성북구 장위로 61,FALSE,6,8,FALSE,FALSE,8,FALSE,FALSE,서울특별시 성북구청 장위1동 주민센터,02-2241-6517,09:00~18:00,37.6140622,127.0436497
개방화장실,장위2동 주민센터,서울특별시 성북구 돌곶이로27길 12,FALSE,0,0,FALSE,FALSE,0,FALSE,FALSE,서울특별시 성북구청 장위2동 주민센터,02-2241-6518,09:00~18:00,37.6123831,127.0544796
개방화장실,장위3동 주민센터,서울특별시 성북구 한천로 657,FALSE,1,1,FALSE,FALSE,2,FALSE,FALSE,서울특별시 성북구청 장위3동주민센터,02-2241-6519,09:00~18:00,37.6165543,127.0565978
개방화장실,장위실버복지센터,서울특별시 성북구 장위로46길 57,FALSE,0,2,FALSE,FALSE,0,FALSE,FALSE,서울특별시 성북구청 어르신사회복지과,02-2241-2527,09:00~18:00,37.6128385,127.0560066
개방화장실,정릉1동 주민센터,서울특별시 성북구 정릉로38마길 33,FALSE,3,3,FALSE,FALSE,3,FALSE,FALSE,서울특별시 성북구청 정릉1동 주민센터,02-916-8893,09:00~18:00,37.6014316,127.0166283
개방화장실,정릉2동 주민센터,서울특별시 성북구 정릉로26길 1,FALSE,1,2,TRUE,FALSE,3,TRUE,FALSE,서울특별시 성북구청 정릉2동 주민세터,02-2241-6509,09:00~18:00,37.6044598,127.0111212
개방화장실,정릉3동 주민센터,서울특별시 성북구 솔샘로1길 6-3,FALSE,1,4,FALSE,FALSE,2,FALSE,FALSE,서울특별시 성북구청 정릉3동 주민센터,02-2241-6510,09:00~18:00,37.6089493,127.0041598
개방화장실,정릉4동 주민센터,서울특별시 성북구 보국문로 106-1,FALSE,2,3,TRUE,FALSE,4,TRUE,FALSE,서울특별시 성북구청 정릉4동 주민센터,02-2241-6511,09:00~18:00,37.6133712,127.0069859
개방화장실,정릉도서관화장실,서울특별시 성북구 정릉로26길 6,FALSE,2,2,FALSE,FALSE,3,FALSE,FALSE,서울특별시 성북구청 문화체육과(문화재단),02-2038-9928,09:00~18:00,37.6046434,127.0108526
개방화장실,정릉빌딩,서울특별시 성북구 정릉로 250,FALSE,2,3,FALSE,FALSE,3,FALSE,FALSE,서울특별시 성북구청 청소행정과,02-914-2045,연중무휴,37.6042634,127.0113523
개방화장실,정릉실버복지센터,서울특별시 성북구 솔샘로 8(정릉동),FALSE,2,2,FALSE,FALSE,4,FALSE,FALSE,서울특별시 성북구청 어르신사회복지과,02-2241-2527,09:00~18:00,37.6082366,127.0046404
개방화장실,정평빌딩,서울특별시 성북구 화랑로 103,FALSE,2,1,FALSE,FALSE,2,FALSE,FALSE,서울특별시 성북구청 청소행정과,02-915-6800,연중무휴,37.6037175,127.0430439
개방화장실,제일빌딩,서울특별시 성북구 오패산로 49,FALSE,2,2,FALSE,FALSE,2,FALSE,FALSE,서울특별시 성북구청 청소행정과,02-943-0047,연중무휴,37.6063894,127.0364181
개방화장실,종암동 주민센터,서울특별시 성북구 종암로 98-8,FALSE,5,0,TRUE,FALSE,10,TRUE,FALSE,서울특별시 성북구청 종암동 주민센터,02-2241-6514,09:00~18:00,37.5990276,127.0352053
개방화장실,종암동새날도서관 화장실,서울특별시 성북구 종암동,FALSE,2,2,FALSE,FALSE,4,FALSE,FALSE,서울특별시 성북구청 문화체육과(문화재단),02-6925-6920,09:00~18:00,37.5989907,127.0350921
개방화장실,청수도서관 화장실,서울특별시 성북구 보국문로16가길 20,FALSE,3,2,FALSE,FALSE,3,FALSE,FALSE,서울특별시 성북구청 문화체육과(문화재단),02-2038-4423,09:00~18:00,37.6117426,127.0107524
개방화장실,청수프라자,서울특별시 성북구 보국문로 50,FALSE,1,1,TRUE,FALSE,1,TRUE,FALSE,서울특별시 성북구청 청소행정과,,연중무휴,37.6088594,127.0100681
개방화장실,커뮤니티센터,서울특별시 성북구 정릉로38가길 6,FALSE,1,1,FALSE,FALSE,1,FALSE,FALSE,서울특별시 성북구청 정릉1동커뮤니티센터,02-909-5295,연중무휴,37.6019991,127.0183583
개방화장실,한천로 공영주차장,서울특별시 성북구 한천로 719,FALSE,0,0,FALSE,FALSE,0,FALSE,FALSE,서울특별시 성북구청 도시관리공단,02-6925-0025,연중무휴,37.6207617,127.0525915
개방화장실,해오름도서관화장실,서울특별시 성북구 성북로4길 52,FALSE,1,1,FALSE,FALSE,2,FALSE,TRUE,서울특별시 성북구청 문화체육과(문화재단),02-6925-0300,연중무휴,37.5929441,127.0086314
공중화장실,(주)중앙에너비스 종암지점,서울특별시 성북구 종암로 58,FALSE,1,1,FALSE,FALSE,2,FALSE,FALSE,서울특별시 성북구청 환경과,02-912-6531,연중무휴,37.5957709,127.0359956
공중화장실,SK네트웍스(주) 광덕주유소,서울특별시 성북구 보문로 89,FALSE,1,1,FALSE,FALSE,1,FALSE,FALSE,서울특별시 성북구청 환경과,02-923-5545,연중무휴,37.5831742,127.0201909
공중화장실,SK네트웍스(주) 북악주유소,서울특별시 성북구 정릉로 218,FALSE,1,1,FALSE,FALSE,1,FALSE,FALSE,서울특별시 성북구청 환경과,02-911-5189,연중무휴,37.6055667,127.0085108
공중화장실,SK네트웍스(주) 아리랑주유소,서울특별시 성북구 아리랑로 96,FALSE,2,2,FALSE,FALSE,1,FALSE,FALSE,서울특별시 성북구청 환경과,02-941-5189,연중무휴,37.6005313,127.0141988
공중화장실,SK네트웍스(주) 장삼주유소,서울특별시 성북구 한천로 612,FALSE,2,2,FALSE,FALSE,2,FALSE,FALSE,서울특별시 성북구청 환경과,02-909-0314,연중무휴,37.6136312,127.0601984
공중화장실,SK네트웍스(주) 한천로주유소,서울특별시 성북구 한천로 727,FALSE,2,2,FALSE,FALSE,2,FALSE,FALSE,서울특별시 성북구청 환경과,02-909-2900,연중무휴,37.6215551,127.0518436
공중화장실,SK에너지(주) 드림랜드주유소,서울특별시 성북구 월계로 128,FALSE,1,2,FALSE,FALSE,1,FALSE,FALSE,서울특별시 성북구청 환경과,02-916-9906,연중무휴,37.6166095,127.0413938
공중화장실,SK에너지(주) 미도주유소,서울특별시 성북구 동소문로 211,FALSE,2,1,FALSE,FALSE,1,FALSE,FALSE,서울특별시 성북구청 환경과,02-928-0666,연중무휴,37.6010584,127.0215613
공중화장실,개운산근린공원화장실,서울특별시 성북구 북악산로 949-73,FALSE,3,3,TRUE,FALSE,5,TRUE,TRUE,서울특별시 성북구청 공원녹지과,02-920-9785,연중무휴,37.5981141,127.0253905
공중화장실,고려주유소,서울특별시 성북구 종암로 17,FALSE,1,1,FALSE,FALSE,1,FALSE,FALSE,서울특별시 성북구청 환경과,02-923-5277,연중무휴,37.5919857,127.0360382
공중화장실,그린에너지(주)직영 종암주유소,서울특별시 성북구 종암로 145,FALSE,1,1,FALSE,FALSE,1,FALSE,FALSE,서울특별시 성북구청 환경과,02-923-9908,연중무휴,37.6027771,127.0320297
공중화장실,꿈나라어린이공원 화장실,서울특별시 성북구 보문동7가,FALSE,1,2,FALSE,FALSE,2,FALSE,FALSE,서울특별시 성북구청 공원녹지과,02-920-3781,연중무휴,37.5800534,127.0230236
공중화장실,돈암마을마당,서울특별시 성북구 동소문로 179-16,FALSE,2,3,FALSE,FALSE,4,FALSE,FALSE,서울특별시 성북구청 청소행정과,02-2241-4422,연중무휴,37.5978947,127.0213221
공중화장실,동일주유소,서울특별시 성북구 보문로 85,FALSE,1,1,FALSE,FALSE,1,FALSE,FALSE,서울특별시 성북구청 환경과,02-923-4949,연중무휴,37.5829573,127.0203541
공중화장실,모랫말근린공원 화장실,서울특별시 성북구 월곡동,FALSE,1,1,FALSE,FALSE,1,FALSE,FALSE,서울특별시 성북구청 공원녹지과,02-920-3781,연중무휴,37.6048579,127.0327834
공중화장실,보문동,서울특별시 성북구 보문로 106-17,FALSE,2,1,FALSE,FALSE,3,FALSE,FALSE,서울특별시 성북구청 청소행정과,02-2241-4422,연중무휴,37.5848586,127.0199106
공중화장실,북선,서울특별시 성북구 종암동,FALSE,2,3,TRUE,FALSE,2,TRUE,TRUE,서울특별시 성북구청 청소행정과,02-2241-4422,연중무휴,37.5963421,127.0285477
공중화장실,북악숲속,서울특별시 성북구 정릉로6길 48,FALSE,2,5,TRUE,FALSE,5,TRUE,TRUE,서울특별시 성북구청 청소행정과,02-2241-4422,연중무휴,37.6105396,126.9939893
공중화장실,북한산 에코체험관 화장실,서울특별시 성북구 정릉동,FALSE,1,1,FALSE,FALSE,1,FALSE,FALSE,서울특별시 성북구청 공원녹지과,02-2241-3690,연중무휴,37.6044281,127.0072894
공중화장실,북한산생태숲화장실,서울특별시 성북구 정릉동,FALSE,3,3,FALSE,FALSE,7,FALSE,FALSE,서울특별시 성북구청 공원녹지과,02-2241-3690,연중무휴,37.6208844,127.0066734
공중화장실,삼선어린이공원 화장실,서울특별시 성북구 삼선교로16길 116,FALSE,3,3,FALSE,FALSE,2,FALSE,FALSE,서울특별시 성북구청 공원녹지과,02-2241-3690,연중무휴,37.5832289,127.0103766
공중화장실,삼선주유소,서울특별시 성북구 창경궁로 324,FALSE,2,2,FALSE,FALSE,2,FALSE,FALSE,서울특별시 성북구청 환경과,02-766-5106,연중무휴,37.5879764,127.0055214
공중화장실,상월곡동,서울특별시 성북구 장월로3길 47,FALSE,2,2,FALSE,FALSE,2,FALSE,FALSE,서울특별시 성북구청 청소행정과,02-2241-4422,연중무휴,37.6091998,127.0454537
공중화장실,새천년주유소,서울특별시 성북구 화랑로 180,FALSE,2,1,FALSE,FALSE,1,FALSE,FALSE,서울특별시 성북구청 환경과,02-964-0302,연중무휴,37.6072313,127.0505637
공중화장실,성북2동,서울특별시 성북구 성북로26길 60,FALSE,2,1,FALSE,FALSE,2,FALSE,FALSE,서울특별시 성북구청 청소행정과,02-2241-4422,연중무휴,37.5963262,126.9936904
공중화장실,성북근린공원화장실,서울특별시 성북구 성북로4길 177,FALSE,3,3,TRUE,FALSE,3,TRUE,TRUE,서울특별시 성북구청 공원녹지과,02-2241-3690,연중무휴,37.595145,127.0075958
공중화장실,성북성터,서울특별시 성북구 성북로23길 135-3,FALSE,2,2,FALSE,FALSE,2,FALSE,FALSE,서울특별시 성북구청 청소행정과,02-2241-4422,연중무휴,37.5927439,126.9912492
공중화장실,성북주유소,서울특별시 성북구 보문로 142,FALSE,1,2,FALSE,FALSE,2,FALSE,FALSE,서울특별시 성북구청 환경과,02-928-4900,연중무휴,37.5876663,127.0183742
공중화장실,세창주유소,서울특별시 성북구 동소문로47길 8,FALSE,1,1,FALSE,FALSE,1,FALSE,FALSE,서울특별시 성북구청 환경과,02-988-2491,연중무휴,37.6088433,127.0292481
공중화장실,신동방석유㈜,서울특별시 성북구 월계로 84,FALSE,0,0,FALSE,FALSE,0,FALSE,FALSE,서울특별시 성북구청 환경과,02-918-5151,연중무휴,37.6134742,127.0381647
공중화장실,신명에너지㈜ 화랑로주유소,서울특별시 성북구 화랑로 174,FALSE,2,2,FALSE,FALSE,1,FALSE,FALSE,서울특별시 성북구청 환경과,02-963-0051,연중무휴,37.6068998,127.0500731
공중화장실,신방주유소,서울특별시 성북구 안암로 111,FALSE,1,1,FALSE,FALSE,1,FALSE,FALSE,서울특별시 성북구청 환경과,02-922-5151,연중무휴,37.5855374,127.0317962
공중화장실,안암동,서울특별시 성북구 인촌로10길 9,FALSE,3,3,FALSE,FALSE,3,FALSE,FALSE,서울특별시 성북구청 청소행정과,02-2241-4422,연중무휴,37.5855921,127.0217231
공중화장실,오동근린공원화장실,서울특별시 성북구 화랑로13길 144,FALSE,3,3,FALSE,FALSE,7,FALSE,FALSE,서울특별시 성북구청 공원녹지과,02-2241-3690,연중무휴,37.6085202,127.0430126
공중화장실,우리주유소,서울특별시 성북구 화랑로 292,FALSE,2,1,FALSE,FALSE,2,FALSE,FALSE,서울특별시 성북구청 환경과,02-969-5185,연중무휴,37.6128119,127.0611655
공중화장실,우이천,서울특별시 성북구 장위동,FALSE,1,2,FALSE,FALSE,2,FALSE,FALSE,서울특별시 성북구청 청소행정과,02-920-3378,연중무휴,37.6203186,127.0532784
공중화장실,우일에너지,서울특별시 성북구 종암로 20,FALSE,2,3,FALSE,FALSE,1,FALSE,FALSE,서울특별시 성북구청 환경과,02-913-8722,연중무휴,37.6079876,127.0302901
공중화장실,원천제1주유소,서울특별시 성북구 보국문로 52,FALSE,2,1,FALSE,FALSE,2,FALSE,FALSE,서울특별시 성북구청 환경과,02-914-1442,연중무휴,37.6091913,127.0100281
공중화장실,월곡1동,서울특별시 성북구 월곡1동,FALSE,2,3,FALSE,FALSE,3,FALSE,FALSE,서울특별시 성북구청 청소행정과,02-2241-4422,연중무휴,37.6066402,127.0343461
공중화장실,월곡광장,서울특별시 성북구 장위로10길 41,FALSE,2,2,FALSE,FALSE,1,FALSE,FALSE,서울특별시 성북구청 청소행정과,02-2241-4422,연중무휴,37.6119091,127.0397597
공중화장실,장위3동,서울특별시 성북구 한천로97길 8-14,FALSE,2,2,FALSE,FALSE,3,FALSE,FALSE,서울특별시 성북구청 청소행정과,02-2241-4422,연중무휴,37.6206238,127.0524796
공중화장실,장위3동 마을공원 화장실,서울특별시 성북구 장위동,FALSE,2,3,FALSE,FALSE,3,FALSE,FALSE,서울특별시 성북구청 공원녹지과,02-2241-3960,연중무휴,37.6171106,127.0532722
공중화장실,장위3동마을마당,서울특별시 성북구 한천로 701,FALSE,2,2,FALSE,FALSE,2,FALSE,FALSE,서울특별시 성북구청 청소행정과,02-2241-4422,연중무휴,37.6194213,127.0540623
공중화장실,장위가스,서울특별시 성북구 화랑로 291,FALSE,1,1,FALSE,FALSE,1,FALSE,FALSE,서울특별시 성북구청 환경과,02-916-3234,연중무휴,37.6132641,127.0606212
공중화장실,장위주유소,서울특별시 성북구 화랑로 110,FALSE,1,1,FALSE,FALSE,1,FALSE,FALSE,서울특별시 성북구청 환경과,02-912-2318,연중무휴,37.6037377,127.0439761
공중화장실,정릉1호,서울특별시 성북구 솔샘로25가길 18,FALSE,2,1,FALSE,FALSE,2,FALSE,FALSE,서울특별시 성북구청 청소행정과,02-2241-4422,연중무휴,37.6189031,127.0055502
공중화장실,정릉4동 교통광장,서울특별시 성북구 솔샘로18길 4-19,FALSE,0,2,TRUE,FALSE,1,TRUE,FALSE,서울특별시 성북구청 청소행정과,02-2241-4422,연중무휴,37.6126901,127.0066361
공중화장실,정릉주유소 (주)삼표에너지,서울특별시 성북구 보국문로 35,FALSE,1,2,FALSE,FALSE,1,FALSE,FALSE,서울특별시 성북구청 환경과,02-914-6556,연중무휴,37.6076791,127.0098627
공중화장실,제삼주유소,서울특별시 성북구 안암로 17,FALSE,1,2,FALSE,FALSE,1,FALSE,FALSE,서울특별시 성북구청 환경과,02-926-0666,연중무휴,37.5795083,127.0245313
공중화장실,종암2동마을마당,서울특별시 성북구 종암동,FALSE,1,1,FALSE,FALSE,1,FALSE,FALSE,서울특별시 성북구청 청소행정과,02-2241-4422,연중무휴,37.6015316,127.0389111
공중화장실,㈜진영와이엔제이 원천주유소,서울특별시 성북구 돌곶이로 142,FALSE,1,1,FALSE,FALSE,1,FALSE,FALSE,서울특별시 성북구청 환경과,02-943-1051,연중무휴,37.6149534,127.0527492
공중화장실,중랑천 이동식,서울특별시 성북구 한천로58길,FALSE,2,2,FALSE,FALSE,3,FALSE,FALSE,서울특별시 성북구청 청소행정과,02-920-3378,연중무휴,37.6132024,127.0708087
공중화장실,중앙알뜰주유소,서울특별시 성북구 보문로 27,FALSE,1,2,FALSE,FALSE,1,FALSE,FALSE,서울특별시 성북구청 환경과,02-926-4085,연중무휴,37.5779421,127.0227842
공중화장실,현대오일뱅크㈜ 직영현대셀프주유소 고대점,서울특별시 성북구 종암로 12,FALSE,1,2,FALSE,FALSE,2,FALSE,FALSE,서울특별시 성북구청 환경과,02-912-5151,24시간,37.5916533,127.0366064
공중화장실,현대주유소,서울특별시 성북구 삼양로 78,FALSE,2,1,FALSE,FALSE,1,FALSE,FALSE,서울특별시 성북구청 환경과,02-983-2081,24시간,37.6102937,127.0227392
공중화장실,화랑로,서울특별시 성북구 화랑로 49,FALSE,2,3,FALSE,FALSE,3,FALSE,FALSE,서울특별시 성북구청 청소행정과,02-2241-4422,24시간,37.6029648,127.0376475
공중화장실,화랑주유소,서울특별시 성북구 화랑로 185,FALSE,1,1,FALSE,FALSE,1,FALSE,FALSE,서울특별시 성북구청 환경과,02-942-5152,24시간,37.6078619,127.0507216
공중화장실,효성주유소,서울특별시 성북구 오패산로1가길 29,FALSE,1,2,FALSE,FALSE,1,FALSE,FALSE,서울특별시 성북구청 환경과,02-2005-1611,24시간,37.6033305,127.0354101
